Gender,Marital Status,Education,Settlement Size,Occupation,Income,Age
0,0,3,2,2,185611,50
0,1,1,0,1,114778,30
0,1,1,0,0,132788,34
0,1,3,2,2,209671,55
1,1,1,2,1,118593,44
1,0,2,1,1,87335,29
0,1,3,2,2,238448,61
0,1,3,1,2,129311,38
1,0,1,2,1,124709,45
0,1,1,0,1,169269,42
0,1,1,0,1,124244,33
0,1,3,2,2,222100,57
0,1,1,0,1,144136,37
0,1,3,2,2,219755,57
1,1,0,2,1,111570,43
1,1,0,0,1,134285,47
0,0,3,2,2,206178,54
1,0,2,1,1,83953,28
0,1,3,2,2,217139,56
1,0,0,2,1,86953,37
0,1,3,2,2,247562,63
0,1,3,1,2,135606,39
0,0,3,2,2,203097,53
1,0,1,2,1,122290,45
0,1,1,0,1,115637,31
1,0,2,1,1,70884,25
1,0,0,2,1,121641,45
0,1,2,1,1,129773,38
0,0,3,2,2,196367,52
1,0,1,0,1,151652,51
0,1,2,2,1,122521,36
0,1,1,0,0,144465,37
0,1,3,2,2,287270,71
1,0,2,1,1,94622,30
0,0,3,2,2,207178,54
1,0,0,0,1,147189,50
1,1,1,2,1,116763,44
0,1,3,0,2,208009,55
0,1,1,0,0,167858,42
0,1,1,0,1,147619,37
0,0,3,2,2,196552,52
0,1,1,0,1,121935,32
1,0,1,2,1,115599,43
1,0,2,1,1,59612,23
1,0,3,2,2,171474,47
1,1,1,2,1,109454,42
0,0,2,1,1,107043,33
1,0,3,2,2,72573,26
1,1,1,2,1,125229,45
1,0,1,0,1,103661,28
0,1,1,0,1,139366,36
1,0,2,1,1,94319,30
0,0,3,2,2,194229,52
0,1,1,0,1,134646,35
0,0,3,2,2,188664,50
1,0,1,2,1,117984,44
0,1,1,0,1,113789,30
0,1,3,2,2,259110,65
1,0,3,2,2,168683,46
0,0,0,2,1,59675,32
1,1,1,0,1,139341,48
1,0,3,2,2,180320,49
1,0,1,0,1,90026,25
1,1,1,2,1,108852,42
1,0,0,2,1,102272,41
1,0,3,2,2,184194,49
0,0,3,2,2,188392,50
1,0,1,0,1,144304,49
1,1,0,2,1,91745,38
1,0,1,0,0,101489,28
0,0,2,1,1,106400,33
1,0,1,0,1,127051,46
0,1,1,0,0,139178,36
0,0,3,2,2,199661,53
0,0,3,2,2,192457,51
0,0,3,2,2,187281,50
0,1,3,2,2,221182,57
0,1,1,0,0,134643,35
0,1,1,0,1,130441,34
1,0,2,2,1,77368,27
1,1,1,2,1,108071,42
1,1,1,2,1,94763,39
1,0,1,2,1,123681,45
1,0,3,1,1,67069,25
0,1,1,0,0,118186,31
0,0,3,2,2,195710,52
1,0,3,1,1,80638,28
0,1,3,2,2,241782,62
0,0,3,2,1,106693,33
0,1,1,0,1,118163,31
1,0,2,1,1,78691,27
0,1,1,0,1,126339,33
0,0,3,2,2,188972,50
0,1,3,2,2,214681,56
1,0,3,2,2,160346,44
1,0,2,1,1,93520,30
0,0,3,2,2,192752,51
1,1,1,2,1,108526,42
1,1,1,2,1,117578,44
1,1,0,2,1,116302,44
1,0,1,0,1,108486,29
1,0,2,1,1,82378,28
1,1,1,2,1,91767,38
0,0,3,1,1,104615,33
1,0,3,2,2,157966,44
0,0,2,2,1,96107,31
1,0,2,1,1,78020,27
0,0,2,1,1,96624,31
0,1,2,1,1,113568,34
1,1,1,2,1,90356,38
1,0,3,1,1,85542,29
0,1,3,2,2,215892,56
0,1,1,0,1,128544,33
0,1,1,0,1,143037,36
0,0,3,2,2,207783,54
0,1,1,0,1,125779,33
0,1,1,0,1,114972,31
1,0,2,1,1,78014,27
1,0,2,1,1,87114,29
0,0,2,1,1,102623,32
1,1,0,2,1,96567,39
0,1,1,0,0,136477,35
0,1,1,0,1,135364,35
0,1,1,0,0,139751,36
0,1,3,1,1,133289,39
1,1,1,2,1,93505,39
0,0,3,2,2,201234,53
0,1,1,0,1,138418,36
0,1,1,0,1,112899,30
0,0,3,2,1,203935,54
1,1,1,0,1,141415,49
0,1,1,0,0,144452,37
1,0,2,1,1,84473,28
0,1,1,0,0,166872,42
0,1,3,2,2,236427,61
1,0,3,2,2,174061,47
0,1,1,0,1,156293,39
1,1,0,2,1,105491,41
0,1,1,0,1,117848,31
0,1,1,2,1,64924,33
1,0,2,2,1,85780,29
1,0,3,1,1,86779,29
0,0,3,2,2,194158,52
1,0,3,2,2,182352,49
0,1,1,0,1,167659,42
1,0,3,1,1,78058,27
0,1,2,1,1,116506,35
0,1,3,1,1,112006,34
1,0,3,2,2,158904,44
1,0,0,2,1,86262,37
0,1,1,0,1,128068,33
0,1,1,0,1,128789,33
0,1,1,0,0,154040,39
0,1,1,0,1,117645,31
0,1,3,2,2,209524,55
0,1,3,2,2,217948,57
1,0,3,2,2,181664,49
0,0,3,0,2,194618,52
1,0,1,0,1,97945,27
1,0,0,0,1,125557,46
1,0,0,2,1,106341,41
1,1,1,2,1,112924,43
0,1,3,2,2,223776,58
1,0,0,0,1,135510,48
1,0,1,0,1,106912,29
1,0,2,1,1,78305,27
0,1,3,2,2,223320,58
0,0,2,1,1,103742,32
0,0,2,1,1,102254,32
0,1,3,2,2,238847,61
0,1,2,1,1,114421,35
1,0,3,1,1,81366,28
0,1,1,0,1,122870,32
0,1,1,0,0,112008,30
1,0,3,2,2,176624,48
1,0,1,2,1,113498,43
0,1,3,2,2,213304,56
1,0,2,1,1,91862,30
0,1,1,0,1,128046,33
0,0,3,2,2,201064,53
0,1,3,2,2,244843,62
1,0,2,1,1,82362,28
1,0,0,2,1,112383,43
1,0,3,2,2,172124,47
1,0,0,2,1,108911,42
0,1,1,0,1,117866,31
0,1,1,0,1,132200,34
0,1,3,2,2,225611,58
1,0,3,1,2,90323,30
0,0,2,1,1,106522,33
1,0,1,0,1,96251,27
0,1,3,2,2,215644,56
0,1,1,0,1,131162,34
0,0,3,2,1,202218,53
1,0,2,1,1,133807,47
1,1,0,2,1,124514,45
1,0,2,1,2,88478,29
1,0,2,1,1,75852,26
1,0,3,1,1,93882,30
1,0,1,2,1,107054,42
1,1,1,0,1,129079,46
1,0,2,1,1,71509,26
0,1,1,0,1,155574,39
1,0,3,2,2,190599,51
0,0,3,2,2,194145,52
0,1,1,0,1,127980,33
1,1,1,2,1,116867,44
0,1,3,2,2,213026,56
1,0,1,0,1,139219,48
0,1,1,0,1,131288,34
0,1,3,2,1,232768,60
0,0,2,1,2,105728,33
1,0,0,2,1,116825,44
1,0,2,1,1,80152,27
0,0,3,2,2,192647,51
0,1,1,0,1,162711,41
0,0,3,2,2,194069,52
1,0,0,2,1,88744,38
0,1,1,0,1,143918,37
0,1,2,1,1,114443,35
0,0,3,1,1,101517,32
1,0,3,2,2,180392,49
1,0,2,1,1,66937,25
1,0,0,2,1,113165,43
1,0,1,0,0,109117,29
0,1,1,0,1,151614,38
1,0,2,1,1,80247,27
0,1,3,2,2,225839,58
1,0,0,2,1,100086,40
0,1,1,0,1,111990,30
1,1,0,2,1,112615,43
1,0,2,1,1,55974,22
0,1,1,2,1,68181,33
1,0,3,1,1,91050,30
1,1,0,0,1,128557,46
0,1,3,2,2,211841,55
0,0,3,2,2,197009,52
0,1,3,2,2,224159,58
0,1,3,2,2,222711,58
0,1,3,2,2,218296,57
1,0,3,1,1,63914,24
0,1,1,0,0,145698,37
0,1,3,2,2,280051,70
1,0,2,1,1,70009,25
0,1,3,2,2,207976,55
1,1,1,2,1,110458,42
1,0,1,0,1,133144,47
1,0,3,2,1,178990,48
1,0,3,2,2,153872,43
0,1,1,0,1,151604,38
0,1,1,0,0,125090,33
0,1,1,0,1,137739,35
1,0,2,1,1,71488,26
1,0,1,0,0,133864,47
1,0,3,1,2,69602,25
1,0,1,2,1,120440,44
0,1,3,2,1,232018,60
0,1,1,0,1,149086,38
1,0,2,1,1,76175,27
1,0,1,0,1,108054,29
0,1,3,2,2,209126,55
0,1,1,0,0,120602,32
1,0,2,1,1,88105,29
1,0,2,1,1,65405,24
0,0,3,2,2,194719,52
1,0,3,2,2,167804,46
0,0,2,1,1,96348,31
0,0,3,2,2,204237,54
1,0,1,2,1,109995,42
0,1,3,1,2,119355,36
0,0,3,2,2,189628,51
1,0,1,0,0,109793,29
1,0,3,1,1,79761,27
1,0,1,0,1,132132,47
1,0,3,1,1,65198,24
1,1,1,2,1,118957,44
1,0,3,2,2,175306,48
0,0,2,1,2,96851,31
1,0,3,1,1,78203,27
0,0,2,1,1,100249,32
1,1,0,2,1,110317,42
1,1,0,2,1,99833,40
1,0,2,1,2,71653,26
1,0,3,1,1,58263,23
1,0,2,1,1,70403,25
1,1,3,0,2,209261,55
0,1,1,0,1,111175,30
0,1,2,1,1,125228,37
0,1,3,1,1,126099,37
1,0,2,1,1,91798,30
0,1,1,0,1,124481,33
0,1,1,0,1,135041,35
1,0,3,0,1,201079,53
1,1,3,2,2,240182,61
0,1,1,0,1,154168,39
0,1,3,2,2,209057,55
1,1,0,2,1,122813,45
0,1,2,1,1,120989,36
0,1,2,1,1,110480,34
0,1,1,0,1,119333,31
1,0,3,2,2,180302,49
1,0,1,2,1,124148,45
0,1,1,0,1,156861,39
1,0,2,1,1,74419,26
0,1,3,2,2,221148,57
1,0,3,1,1,73465,26
1,0,1,2,1,102185,41
0,1,1,0,0,167850,42
1,0,2,1,1,83075,28
1,0,2,1,2,82153,28
1,0,1,0,1,165904,54
0,0,3,2,2,205435,54
0,1,1,0,1,120585,32
1,0,3,1,1,85918,29
1,0,1,2,1,95706,39
0,0,3,1,2,106680,33
0,1,1,0,1,112147,30
1,0,1,0,1,103900,28
1,1,1,2,1,84124,37
0,0,1,0,1,131997,34
0,1,1,0,1,119045,31
1,0,0,2,1,96770,39
0,1,3,2,2,227457,59
1,1,0,2,1,104703,41
0,0,3,2,2,188489,50
1,0,3,2,2,183007,49
0,1,2,1,2,112841,34
1,0,1,0,1,91410,26
0,0,3,2,2,191332,51
0,1,3,2,2,223493,58
0,1,3,2,2,234346,60
1,0,2,1,1,61591,23
0,1,3,2,1,227692,59
0,1,1,0,1,117790,31
1,1,0,0,1,127457,46
0,1,1,0,1,182370,45
1,0,1,2,1,93625,39
0,0,2,1,1,95828,31
1,0,3,2,2,206942,54
0,1,1,0,1,154922,39
1,1,1,0,1,127592,46
0,1,3,2,1,229495,59
0,1,1,0,0,116210,31
0,1,1,2,1,78195,35
0,1,3,2,2,236243,60
1,1,1,2,1,109405,42
1,0,1,0,0,102159,28
0,1,1,0,0,110435,30
1,1,1,0,1,134493,47
1,1,0,2,1,106584,41
1,0,0,2,1,108609,42
0,1,1,0,1,160798,40
0,1,1,0,1,150223,38
0,1,1,0,1,133592,34
0,1,3,1,1,122865,36
1,1,1,2,1,91576,38
1,1,3,0,1,210627,55
0,1,3,2,2,215029,56
1,0,3,1,1,75101,26
1,0,2,1,1,65683,24
0,1,3,1,1,120462,36
0,0,2,1,1,106446,33
1,0,0,0,1,142522,49
1,1,0,2,1,92018,38
1,1,0,2,1,89502,38
0,1,3,1,1,111257,34
1,0,1,2,1,121027,45
0,1,2,1,1,109687,34
1,0,3,1,1,74058,26
0,1,1,0,1,111740,30
1,0,1,2,1,92135,38
1,1,1,2,1,125422,45
0,1,1,0,1,151917,38
1,0,0,2,1,97892,40
0,1,1,0,1,132753,34
0,0,3,2,2,194999,52
0,1,3,2,2,233431,60
1,1,0,2,1,105673,41
1,0,3,1,2,77210,27
0,1,1,0,0,154598,39
0,0,3,2,2,196577,52
1,0,2,1,1,77478,27
1,0,1,0,1,102056,28
1,0,2,1,1,90445,30
1,0,2,1,1,71515,26
0,1,1,0,1,134818,35
0,0,3,2,2,202228,53
0,0,1,2,1,73841,35
1,0,2,1,1,79325,27
1,0,2,1,1,85472,29
1,0,3,2,2,164417,45
0,1,1,0,1,112731,30
1,1,1,2,1,101697,40
0,0,3,1,1,95059,31
1,0,3,2,2,164797,45
0,1,1,0,1,135353,35
0,1,1,2,1,78062,35
0,1,1,0,1,129538,34
0,1,1,0,0,147380,37
1,0,3,2,1,184269,49
1,1,0,0,1,147004,50
0,1,3,2,1,231699,60
0,1,1,0,1,141492,36
1,0,2,2,1,88223,29
1,1,0,2,1,117050,44
1,1,1,2,1,96991,39
0,1,1,0,1,164262,41
0,1,1,0,1,143066,36
0,1,3,2,2,243977,62
0,1,1,0,1,137488,35
1,1,0,2,1,92891,39
0,1,1,0,1,131199,34
1,0,2,1,2,87128,29
0,1,1,2,1,61079,32
0,1,1,0,1,142380,36
0,0,3,2,1,186432,50
0,1,1,0,1,121759,32
0,1,1,0,1,143914,37
0,0,3,2,2,190449,51
0,0,2,1,1,105373,33
1,0,1,2,1,103278,41
1,1,0,2,1,121424,45
0,1,1,0,0,125918,33
1,0,1,0,1,151033,51
0,1,3,0,2,216226,56
0,1,2,1,1,142965,41
1,0,2,1,1,67297,25
1,0,0,2,1,106868,42
1,1,1,2,1,113926,43
1,0,2,1,1,69504,25
0,0,3,2,1,195231,52
1,0,2,1,1,65447,24
1,0,2,1,1,93938,30
1,0,0,0,1,126542,46
0,1,1,0,1,141030,36
0,1,1,0,1,136366,35
0,1,1,0,0,167230,42
0,0,3,2,1,194497,52
0,0,2,2,1,105711,33
0,1,1,0,1,146242,37
0,0,2,1,2,99682,32
1,0,2,1,1,84957,28
1,0,1,2,1,98673,40
0,1,1,0,1,110343,30
0,0,2,1,1,100963,32
0,1,1,0,1,131363,34
1,0,2,1,1,93513,30
1,0,2,1,1,63841,24
1,1,0,2,1,105315,41
1,1,1,2,1,115508,43
0,1,1,0,1,170720,42
0,1,1,0,0,169566,42
1,0,1,0,1,93401,26
0,1,1,0,1,126467,33
1,0,0,2,1,106793,42
1,0,2,1,1,78416,27
1,0,3,0,1,208193,55
0,0,2,1,1,100109,32
0,1,1,0,1,132688,34
0,1,1,0,1,163359,41
0,1,1,0,1,135335,35
1,0,3,1,1,89976,29
0,1,1,0,1,164891,41
0,1,3,2,2,209953,55
0,1,1,0,1,127311,33
1,1,1,2,1,101048,40
1,0,2,1,1,83044,28
0,1,3,2,2,224419,58
1,1,0,2,1,106069,41
0,1,1,0,1,111482,30
1,0,2,1,1,82813,28
0,0,3,2,2,191447,51
0,1,1,0,0,124152,32
1,1,1,2,1,103287,41
0,1,1,0,0,149499,38
1,0,1,0,1,104739,28
0,0,3,1,1,98737,31
0,1,1,0,1,144828,37
1,0,2,1,1,79962,27
0,1,1,0,0,161828,40
1,0,1,0,1,102304,28
1,1,1,2,1,88054,38
1,1,1,2,1,124321,45
1,0,3,2,2,182837,49
1,1,1,2,1,85463,37
1,0,2,1,1,85138,28
0,1,1,0,1,143635,37
0,0,3,2,2,199961,53
1,0,1,2,1,121330,45
0,1,3,2,2,251819,64
0,1,3,2,2,238862,61
0,1,1,0,1,127477,33
1,0,3,2,2,172970,47
1,0,1,0,1,131013,47
1,0,1,0,0,105909,29
1,0,3,1,2,83556,28
1,1,0,2,1,110700,42
0,0,3,2,2,203031,53
1,1,1,0,1,135182,48
1,1,0,2,1,112964,43
0,1,1,0,1,129729,34
1,1,0,2,1,87485,37
0,0,3,2,2,190470,51
0,0,2,1,2,98783,31
1,1,0,2,1,100262,40
1,0,3,1,1,82323,28
1,0,3,1,1,84670,28
0,1,2,1,2,126481,37
1,1,1,2,1,110195,42
1,0,2,1,1,47922,21
0,1,3,2,2,212231,55
0,1,1,0,1,145719,37
0,1,2,1,1,117026,35
1,0,1,2,1,114474,43
0,1,1,0,1,186850,46
0,1,1,0,1,152774,39
0,0,3,2,2,205688,54
0,0,2,1,1,96546,31
1,0,0,2,1,112583,43
0,1,1,0,0,164359,41
1,0,1,2,1,86134,37
0,1,1,0,1,131319,34
0,1,2,1,1,110131,34
0,0,2,1,1,108881,33
1,1,1,2,1,96399,39
1,1,1,2,1,85428,37
1,0,0,0,1,132449,47
0,0,3,2,2,185518,50
1,0,1,0,1,104672,28
0,1,3,2,2,243126,62
1,1,0,2,1,88681,38
1,0,0,2,1,85582,37
1,0,2,1,1,62360,24
0,1,1,0,1,136869,35
0,0,2,1,1,107945,33
1,1,0,2,1,104584,41
0,1,1,0,0,122845,32
1,0,3,1,1,84604,28
0,1,1,0,0,168494,42
1,1,1,2,1,115165,43
1,0,1,0,1,131042,47
0,0,3,1,1,96402,31
0,1,3,2,2,217504,57
1,0,1,2,1,94930,39
0,0,3,1,1,99176,31
1,0,2,1,1,86009,29
1,1,0,0,1,140342,49
1,1,3,2,2,211174,55
1,0,2,1,1,91541,30
0,1,1,0,1,161588,40
1,1,1,2,1,99858,40
0,0,3,2,2,193460,51
1,0,0,0,1,239014,61
1,0,1,0,1,160095,53
1,0,0,2,1,86027,37
1,0,1,2,1,113554,43
0,1,3,2,2,213490,56
0,0,3,2,2,194093,52
0,1,3,2,2,248822,63
1,1,1,2,1,99198,40
0,1,1,0,1,124109,32
1,0,3,1,1,94075,30
1,0,2,1,1,68304,25
0,1,2,1,1,109089,34
1,0,2,1,1,83582,28
0,0,2,2,1,99640,32
1,0,2,1,1,77990,27
1,0,2,1,1,91245,30
0,0,3,2,2,200000,53
1,1,1,2,1,81449,36
1,0,1,2,1,123425,45
0,1,1,0,1,157135,39
0,0,3,2,2,199594,53
0,1,1,0,1,135885,35
0,0,3,2,2,185493,50
0,1,1,0,1,143844,37
1,1,1,2,1,109579,42
1,0,1,2,1,117109,44
0,0,2,1,1,98542,31
0,0,1,2,0,59156,31
1,0,2,1,1,71899,26
0,1,3,2,2,241162,62
0,1,1,0,1,154535,39
1,0,2,1,1,62251,24
1,0,2,1,1,84785,28
1,0,1,2,1,88120,38
1,0,1,0,1,108382,29
1,0,3,2,2,179348,48
0,1,1,0,1,125368,33
1,0,1,0,1,97965,27
0,1,1,0,1,151641,38
1,0,3,2,2,169580,46
1,0,2,1,1,63655,24
0,1,3,2,2,223885,58
0,0,2,1,1,98172,31
0,0,3,1,2,95273,31
1,0,1,0,1,126086,46
0,1,1,0,1,112007,30
0,0,3,1,1,100899,32
1,1,1,2,1,103915,41
1,0,3,2,2,174555,47
0,1,3,2,2,209700,55
1,0,1,0,1,166453,54
1,0,0,2,1,110207,42
0,1,2,1,1,116046,35
0,0,2,1,1,106702,33
1,0,2,1,1,87995,29
0,0,3,1,1,95446,31
0,1,2,1,2,138369,40
1,0,1,2,1,121887,45
0,0,3,2,2,198883,53
1,1,0,2,1,97607,40
1,0,3,2,2,201961,53
1,0,1,0,0,100103,27
0,1,1,0,1,123471,32
1,0,2,2,1,94606,30
0,1,1,0,1,159140,40
1,1,1,2,0,117146,44
0,1,1,0,1,141987,36
0,1,2,1,1,144524,41
0,1,1,0,0,167259,42
0,1,1,0,1,143476,37
0,1,1,0,1,130576,34
0,1,1,0,1,124151,32
1,0,2,1,1,69317,25
0,1,3,2,2,243553,62
1,0,3,1,1,65926,24
0,1,1,0,1,173396,43
0,1,1,0,1,157097,39
0,0,3,2,2,189337,51
1,0,0,0,1,130619,47
0,1,1,0,1,146875,37
1,1,0,0,1,149045,50
1,1,0,2,1,94730,39
0,1,1,0,1,168550,42
1,0,1,0,1,104394,28
0,0,3,2,2,197841,52
0,0,2,1,2,95266,31
1,0,0,2,1,103794,41
1,1,1,2,1,121051,45
1,0,3,1,1,94621,30
1,0,3,2,2,196081,52
0,0,3,2,2,202465,53
1,0,1,2,1,123863,45
0,1,3,1,1,109232,34
0,1,1,2,1,76157,35
1,1,3,0,2,215184,56
1,0,1,2,1,84709,37
0,1,1,0,1,113321,30
1,1,3,2,2,217006,56
0,1,2,1,1,117317,35
0,1,3,2,2,244526,62
1,0,2,1,1,91927,30
0,0,3,1,1,103676,32
0,0,3,1,1,95763,31
1,1,1,2,1,99419,40
0,1,1,0,1,135699,35
0,1,3,0,2,222988,58
0,1,1,0,1,121098,32
0,1,1,0,1,142288,36
0,1,3,2,2,250789,64
0,1,1,0,0,132035,34
1,0,3,2,2,206819,54
0,1,3,0,1,232628,60
1,0,1,0,1,136613,48
1,0,1,2,1,116060,43
1,0,2,1,1,66445,24
0,1,1,0,1,136194,35
1,1,1,0,1,127026,46
1,1,1,2,1,113155,43
1,0,1,2,1,115813,43
1,0,0,2,1,95797,39
0,1,1,0,0,145576,37
1,0,2,1,1,84125,28
0,1,1,0,1,115030,31
1,0,2,1,1,78834,27
0,0,2,1,1,108485,33
1,0,3,2,2,165299,45
0,1,3,2,2,241924,62
1,1,0,0,1,130108,46
1,1,0,0,1,134976,48
1,0,0,2,1,99319,40
0,0,2,1,1,97238,31
0,1,1,0,1,118314,31
0,1,1,0,1,137622,35
1,0,1,2,1,85098,37
1,0,3,1,1,69803,25
1,0,1,2,1,109647,42
1,0,1,2,1,108817,42
1,0,2,1,1,92678,30
0,0,3,0,2,198549,53
0,1,1,0,1,164695,41
1,1,0,2,1,109326,42
0,1,1,0,0,128667,33
1,0,1,2,1,79033,36
0,1,1,0,1,136551,35
1,0,3,1,2,93524,30
0,0,3,1,1,107421,33
1,0,1,2,1,122840,45
1,0,2,1,1,94492,30
1,1,1,2,1,113081,43
1,1,1,0,1,128849,46
0,1,1,0,1,137008,35
1,0,3,2,2,184042,49
0,1,1,0,1,120379,32
0,1,1,0,0,134620,35
0,0,0,2,1,69216,34
0,1,2,1,1,109492,34
1,1,1,2,1,105327,41
1,1,1,2,1,112635,43
0,1,1,0,1,118393,31
0,0,3,2,2,189744,51
0,1,3,2,2,212252,55
1,0,3,2,1,84870,28
1,0,0,0,1,135393,48
0,0,2,1,1,105204,33
1,0,2,1,1,72207,26
0,1,1,2,1,77169,35
0,0,2,1,1,97778,31
1,0,1,2,1,89545,38
0,1,1,0,1,169614,42
1,0,2,1,1,81243,28
0,1,3,1,1,130218,38
0,1,3,2,2,280828,70
1,0,2,1,1,86652,29
1,0,1,2,1,113931,43
1,0,1,0,1,100160,27
0,0,3,2,2,205383,54
0,1,3,1,1,124379,37
1,0,0,2,1,87911,38
1,1,1,2,1,120173,44
1,0,1,0,1,105391,29
0,1,3,2,1,211813,55
1,1,0,2,1,110006,42
1,1,0,2,1,104883,41
0,1,1,0,1,172978,43
0,1,2,1,1,118840,36
0,0,2,1,1,95590,31
1,0,0,2,1,94298,39
0,1,1,0,1,153443,39
0,1,1,0,1,127269,33
0,0,3,2,2,197604,52
0,1,1,0,1,165684,41
1,0,3,2,2,160123,44
0,1,1,0,0,166684,42
0,0,2,1,1,97408,31
1,0,3,2,2,161880,45
1,0,3,2,2,164312,45
1,0,3,2,2,200184,53
1,0,3,1,1,92811,30
1,1,1,2,1,88847,38
1,0,2,1,1,72246,26
0,1,1,0,1,135062,35
0,0,2,1,1,107831,33
1,1,0,0,1,132821,47
1,0,1,0,1,128071,46
1,1,1,2,1,125056,45
0,1,1,0,1,138168,35
1,0,3,1,1,72167,26
1,1,1,2,1,82164,36
0,0,2,1,1,95132,31
1,1,0,2,1,101154,40
0,1,1,0,0,118546,31
1,1,1,2,1,103945,41
0,1,1,0,1,165219,41
1,1,1,2,1,102010,41
0,0,2,1,1,100656,32
0,1,1,2,1,73110,34
0,1,1,0,1,163092,41
1,0,3,1,2,57892,23
1,0,3,1,1,84223,28
1,0,2,1,2,91755,30
1,0,2,1,2,85399,29
1,0,3,2,2,164378,45
0,1,3,2,2,217617,57
0,1,1,0,0,121638,32
1,0,2,1,1,85622,29
0,1,1,0,1,156664,39
0,1,3,2,2,222811,58
0,0,3,2,2,188250,50
0,0,3,2,2,203794,54
1,1,0,2,1,107671,42
0,0,3,2,2,190846,51
0,1,1,0,1,116769,31
0,1,1,0,1,131051,34
0,0,2,2,2,100223,32
1,1,1,0,1,156348,52
0,1,1,0,1,126854,33
1,0,3,1,1,56130,22
1,1,1,2,1,99315,40
0,1,3,0,2,223974,58
0,0,3,2,2,189426,51
0,1,1,0,1,122406,32
0,1,1,0,1,121010,32
0,0,0,2,1,60359,32
0,1,1,0,0,131575,34
1,0,1,2,1,87263,37
0,1,3,2,2,239554,61
1,1,1,2,1,82455,36
0,1,1,0,1,157225,39
0,1,1,0,0,114070,30
1,0,2,1,1,91783,30
1,0,2,1,1,73075,26
0,1,1,0,1,135529,35
0,0,3,2,2,206306,54
1,0,1,0,0,80897,23
0,0,3,2,2,205732,54
0,0,2,1,2,105536,33
0,0,3,2,2,196427,52
1,0,2,1,1,86574,29
1,0,3,1,1,74385,26
0,1,1,0,1,143819,37
1,1,0,0,1,141298,49
1,1,0,2,1,111937,43
0,1,1,0,1,131644,34
0,0,3,2,2,206520,54
1,0,3,1,2,66816,25
0,1,1,0,1,146320,37
1,1,3,2,2,219200,57
1,0,1,2,1,125449,45
0,1,3,2,2,219648,57
1,1,0,2,1,121444,45
1,1,1,2,1,92774,39
1,0,2,1,1,74800,26
0,1,3,2,1,223459,58
0,1,3,2,2,222303,58
0,1,1,0,1,156774,39
1,0,2,1,1,80111,27
0,1,1,0,0,120688,32
0,1,1,0,1,158108,40
0,1,1,0,1,132728,34
1,1,0,2,1,122004,45
0,0,2,1,1,95515,31
0,1,1,0,1,138599,36
1,0,3,2,1,173316,47
0,1,1,0,0,112110,30
0,1,1,0,1,113594,30
0,0,3,2,1,95200,31
0,0,3,2,1,193831,52
0,1,3,2,2,227745,59
1,0,2,1,1,94146,30
0,0,2,1,1,101274,32
0,1,1,0,1,124155,32
0,0,3,2,2,184719,50
0,0,3,2,2,206883,54
0,1,1,0,1,127243,33
1,0,2,1,1,62293,24
1,0,1,2,1,100294,40
1,0,1,2,1,112124,43
0,1,1,0,0,137929,35
0,1,1,0,1,135238,35
1,1,1,2,1,94562,39
0,0,3,2,2,199390,53
0,1,3,2,2,228001,59
1,0,2,1,2,81732,28
1,0,3,2,1,166731,46
0,0,3,1,1,101569,32
1,0,2,1,1,51941,21
0,1,1,2,1,77614,35
0,1,1,0,1,128871,33
1,1,0,0,1,133263,47
0,0,2,1,1,96817,31
0,1,3,2,2,230852,59
0,1,1,0,1,115461,31
0,1,1,0,1,141206,36
0,1,1,0,1,117159,31
1,1,0,2,1,102734,41
0,1,1,0,1,164112,41
0,1,1,0,1,127792,33
0,1,3,2,2,228178,59
0,1,1,0,1,122661,32
0,0,3,0,2,199764,53
0,1,1,0,1,140178,36
1,0,1,2,1,112394,43
0,1,1,0,0,128385,33
0,1,1,0,1,170322,42
0,0,3,0,2,185142,50
0,1,1,0,1,152577,39
0,0,3,0,2,200863,53
1,1,0,2,1,121713,45
1,1,1,2,1,95684,39
1,0,2,1,1,68253,25
0,1,1,0,1,113921,30
1,0,0,0,1,129965,46
1,1,1,2,1,92653,39
0,1,3,2,2,225072,58
0,0,3,1,1,95006,31
0,1,1,0,1,112846,30
1,0,1,0,1,160124,53
0,0,2,1,1,105928,33
0,1,1,0,1,124351,33
0,1,2,1,1,137084,39
1,0,3,2,2,180235,49
0,1,1,2,0,118222,44
1,0,2,1,2,83213,28
1,0,2,1,1,90678,30
0,1,1,0,0,168567,42
1,0,2,1,1,87037,29
1,0,3,1,1,78839,27
0,0,2,1,2,98409,31
0,0,2,1,2,102221,32
1,0,2,1,1,55729,22
1,0,2,1,1,77078,27
0,0,2,1,1,99552,32
0,1,1,0,0,127892,33
0,1,1,0,1,117637,31
0,0,3,2,1,192381,51
0,1,2,1,2,134063,39
1,0,2,1,2,82788,28
0,1,1,0,1,130638,34
0,1,1,0,1,120902,32
1,0,0,2,1,102580,41
1,0,2,1,2,60211,23
0,0,1,2,1,71638,34
1,1,1,2,1,101095,40
1,1,1,2,1,112336,43
1,0,0,0,1,125554,46
1,1,1,2,1,91666,38
0,0,3,2,2,186934,50
0,1,3,2,2,214407,56
0,1,1,0,1,140667,36
0,1,1,0,1,126368,33
1,1,1,2,1,115096,43
1,1,0,2,1,97053,39
0,1,1,0,1,144511,37
1,0,0,2,1,109425,42
0,1,3,2,2,212221,55
1,0,2,1,2,80787,28
1,1,0,0,1,130972,47
1,0,1,0,1,91105,25
1,1,0,2,1,106284,41
0,1,1,0,1,134658,35
1,0,2,1,1,93920,30
0,1,1,0,0,119326,31
0,0,2,1,1,97681,31
1,0,2,1,1,78039,27
1,0,2,1,1,94152,30
0,1,2,1,1,111295,34
0,1,1,0,1,121145,32
1,1,3,2,2,258076,65
0,1,1,0,1,130938,34
1,0,2,1,1,65342,24
1,0,2,1,1,79383,27
0,0,3,2,2,197806,52
0,0,3,2,2,195417,52
1,1,1,2,1,95669,39
1,0,3,2,2,165750,46
0,1,1,0,1,111813,30
0,1,3,1,2,138790,40
0,0,2,2,1,103325,32
1,0,1,2,1,122760,45
1,1,1,0,1,126132,46
0,1,1,0,0,120670,32
0,1,1,0,0,137026,35
0,1,1,0,1,117468,31
1,1,1,2,1,111561,43
0,1,2,1,1,134649,39
1,0,3,2,2,156653,44
1,1,1,2,1,97731,40
1,0,3,2,2,177668,48
0,1,1,0,1,150896,38
1,0,3,1,2,88655,29
1,0,3,2,2,177393,48
1,0,3,2,2,173611,47
1,1,0,2,1,91382,38
1,0,1,2,1,125323,45
1,1,1,2,1,118853,44
0,1,1,0,0,144683,37
0,0,2,1,2,107295,33
1,0,1,2,1,106460,41
0,1,3,2,2,217782,57
0,1,1,0,1,151689,38
0,1,1,0,1,154704,39
1,0,2,2,1,67620,25
0,1,1,0,1,123091,32
0,1,3,2,2,221095,57
0,1,1,0,0,124699,33
1,0,1,2,1,112692,43
0,1,1,0,0,138930,36
0,1,1,0,1,128381,33
0,1,1,0,1,134061,35
1,0,3,2,2,198898,53
0,0,3,1,1,107554,33
0,1,1,0,1,158633,40
0,1,1,0,1,116605,31
0,1,1,0,1,153330,39
1,0,2,1,1,71258,26
0,1,2,1,2,135693,39
1,1,1,2,1,106425,41
1,1,0,0,1,128651,46
0,1,3,2,2,215942,56
1,0,2,0,2,176435,48
1,0,3,1,2,70856,25
0,0,2,1,1,105508,33
1,1,0,2,1,96965,39
1,0,1,0,0,101344,28
0,1,3,2,1,240609,61
0,0,1,2,1,67727,33
0,1,1,0,1,161227,40
1,0,3,1,1,90899,30
0,1,1,0,1,145645,37
1,0,3,2,1,74113,26
1,1,0,0,1,126916,46
0,1,1,0,1,117849,31
0,0,2,1,1,106194,33
0,1,1,0,0,132059,34
1,0,2,1,1,85593,29
0,0,3,2,2,204471,54
1,0,3,2,2,180910,49
1,0,3,1,1,82049,28
1,1,0,2,1,85424,37
1,0,1,2,1,83174,37
0,0,3,1,1,98909,31
0,1,3,2,2,212606,55
1,0,1,2,1,118047,44
1,0,3,1,1,78475,27
0,1,1,0,1,161657,40
0,1,3,0,2,230304,59
1,0,1,2,0,85480,37
0,1,1,0,1,118898,31
1,1,1,2,1,122194,45
1,1,0,2,1,106652,41
0,0,3,2,2,206902,54
0,1,3,2,2,217043,56
0,0,3,0,2,195694,52
1,0,1,0,1,165437,54
1,1,0,0,1,129063,46
1,1,0,0,1,160426,53
0,1,1,0,1,137007,35
0,0,3,0,2,203607,54
0,1,1,0,0,146406,37
0,1,3,2,2,231771,60
1,0,3,1,2,72841,26
0,1,1,0,1,119971,32
0,1,3,2,2,224317,58
0,1,1,0,1,121828,32
0,0,2,1,2,102981,32
1,0,2,1,2,92997,30
0,1,3,2,2,260641,66
0,1,1,0,1,131360,34
1,0,2,1,1,93764,30
1,1,1,2,1,117862,44
1,0,1,2,1,104186,41
0,1,1,0,1,155103,39
0,1,1,0,1,166543,41
1,0,3,2,2,165424,45
1,1,1,2,1,119018,44
0,1,1,0,1,139708,36
0,1,1,0,1,158631,40
0,1,1,0,1,143824,37
1,0,1,2,0,103200,41
0,1,1,0,1,145507,37
1,0,1,2,1,117646,44
0,1,3,2,2,216712,56
0,1,1,0,1,117977,31
1,1,1,2,1,93051,39
1,0,1,0,0,103998,28
0,1,1,0,1,145962,37
1,0,0,2,1,119921,44
0,1,1,0,1,132077,34
0,1,2,1,1,140358,40
0,0,3,2,2,184932,50
0,1,1,0,1,142105,36
0,1,2,1,1,146875,42
0,1,3,2,1,225869,58
1,0,0,2,1,109568,42
1,0,0,2,1,94344,39
1,1,1,0,1,126314,46
0,0,2,1,2,108908,33
1,0,1,0,0,105656,29
1,0,3,2,2,154201,43
1,0,3,2,2,161488,45
1,1,1,0,1,128581,46
1,0,2,1,1,84656,28
1,0,3,2,2,157473,44
1,1,1,2,1,119703,44
1,0,1,0,1,102289,28
1,0,0,2,1,107635,42
1,0,1,0,0,86973,25
1,0,2,1,1,89069,29
0,1,1,0,0,122958,32
1,0,1,2,1,95477,39
0,1,3,2,2,215055,56
0,1,3,2,2,224951,58
0,1,1,0,1,132398,34
1,1,0,2,1,111752,43
1,0,2,1,1,84442,28
1,0,3,2,2,161672,45
1,1,1,2,1,125264,45
0,1,3,2,2,209665,55
0,0,3,2,2,192560,51
0,1,3,2,2,213043,56
1,1,0,2,1,124489,45
0,0,3,2,2,197944,52
1,0,1,2,1,111043,42
1,0,2,1,1,81593,28
0,0,3,2,2,185529,50
0,1,1,0,1,139236,36
1,1,0,2,1,96914,39
1,0,2,1,1,80184,27
0,0,3,2,2,190212,51
1,1,3,0,1,217198,56
1,0,1,2,1,102866,41
1,0,3,2,2,175988,48
0,1,3,2,2,213789,56
1,0,3,2,2,163764,45
1,0,3,2,2,171652,47
1,0,0,2,1,110890,42
1,1,0,2,1,91001,38
0,1,1,0,0,170122,42
1,0,3,2,2,165532,46
1,0,1,2,1,95651,39
1,1,3,2,2,229311,59
0,1,0,2,1,72020,34
0,1,2,1,1,111839,34
1,0,3,2,2,166656,46
0,1,1,0,1,146302,37
0,1,1,0,1,147402,37
1,0,1,0,1,130946,47
0,1,1,0,0,148278,38
0,1,1,0,1,110091,30
0,0,3,2,2,207951,54
0,1,2,1,1,109957,34
0,0,0,2,1,78133,35
0,0,3,2,2,191386,51
1,0,3,2,2,180129,49
1,0,2,1,1,86748,29
0,1,3,2,2,247880,63
0,0,3,2,2,197228,52
1,0,1,0,1,106236,29
0,0,3,2,1,197308,52
0,1,2,1,1,126798,37
1,0,1,2,1,81178,36
1,0,0,2,1,119498,44
0,1,3,2,2,262186,66
1,0,1,2,1,124524,45
0,1,1,0,1,122974,32
0,1,1,0,1,111406,30
0,1,1,0,1,138741,36
0,1,1,0,1,173171,43
1,0,2,1,2,84636,28
1,0,3,1,2,66344,24
1,0,1,2,1,96368,39
0,1,1,0,1,163458,41
1,1,0,2,0,110864,42
1,1,1,0,1,134182,47
0,1,3,2,2,209716,55
0,0,1,2,1,61471,32
0,1,1,0,1,120703,32
0,1,1,0,1,129145,34
1,0,0,2,1,101771,40
0,1,1,0,1,132183,34
1,1,1,0,1,140186,49
0,0,3,2,2,203527,54
0,1,1,0,1,179637,44
1,0,3,2,2,175983,48
0,1,3,1,1,116748,35
1,1,0,2,1,89399,38
0,1,1,0,1,155494,39
1,1,1,2,1,120537,44
0,1,3,2,2,210934,55
1,0,1,2,1,103328,41
0,1,1,0,0,130291,34
0,1,1,2,1,66889,33
0,1,1,0,1,139374,36
1,1,1,0,1,139104,48
1,0,0,2,1,107342,42
0,1,3,2,2,248887,63
0,1,3,2,2,254930,64
1,0,1,2,1,84415,37
1,0,3,0,1,212099,55
1,0,3,2,2,178282,48
1,0,1,0,1,107171,29
0,0,3,2,2,200135,53
1,0,3,2,2,172692,47
1,1,1,0,1,146776,50
1,0,1,2,1,87581,37
0,0,3,2,2,193571,51
0,1,1,0,1,166810,42
1,0,2,1,1,69611,25
0,1,1,0,1,127584,33
0,0,1,2,1,74800,35
1,0,2,1,1,81531,28
0,0,1,2,1,78159,35
0,0,3,2,2,185472,50
1,0,2,1,1,76439,27
0,1,1,0,1,127548,33
0,1,1,0,1,121970,32
0,0,3,2,1,196569,52
1,0,0,2,1,92631,39
1,0,2,1,1,72061,26
1,1,1,2,1,119448,44
0,1,1,0,0,114288,30
1,1,0,0,1,131985,47
1,0,2,1,1,71017,25
1,0,2,1,1,81095,28
1,1,3,0,1,211021,55
1,1,1,2,1,119540,44
0,1,3,2,2,218046,57
0,1,1,0,1,134849,35
0,1,3,2,2,212243,55
0,1,1,0,1,117909,31
0,1,1,0,1,133552,34
0,0,3,1,1,97387,31
1,0,3,2,2,171429,47
0,1,3,2,2,225509,58
0,1,3,0,2,219869,57
1,0,2,2,1,63827,24
0,1,3,2,2,214282,56
0,1,1,0,1,127340,33
0,1,1,0,1,136376,35
1,0,3,1,1,59272,23
0,1,3,2,2,246842,63
1,1,0,2,1,107357,42
0,0,2,1,1,95112,31
0,0,3,2,2,186663,50
0,0,3,2,2,195590,52
1,0,2,1,1,47825,21
0,1,1,0,1,126888,33
1,0,1,0,1,110042,29
1,1,0,2,1,101337,40
1,1,0,0,0,135306,48
1,0,1,2,1,106633,41
0,1,1,0,1,125989,33
1,0,1,0,1,136652,48
0,1,1,0,1,143797,37
1,0,3,2,2,180795,49
0,0,2,1,2,95446,31
1,1,0,2,1,89718,38
1,0,0,2,1,88479,38
1,0,3,1,2,74493,26
1,1,1,0,1,145322,50
1,1,1,2,1,120378,44
0,1,1,0,1,140644,36
0,0,3,1,1,96276,31
0,1,1,0,1,125315,33
1,1,1,2,1,108748,42
1,0,3,2,2,163931,45
1,0,3,1,1,79905,27
1,1,0,2,1,117958,44
0,1,3,2,2,238606,61
1,0,3,1,1,79866,27
0,1,1,0,1,142675,36
0,0,3,1,1,100167,32
0,0,2,1,1,97278,31
1,0,1,0,1,109350,29
1,1,3,2,2,237081,61
1,0,2,1,1,78747,27
1,0,2,1,1,79996,27
1,1,0,2,1,103416,41
0,1,1,0,1,138688,36
1,0,1,0,1,134400,47
1,0,3,2,1,178899,48
1,1,0,2,1,107384,42
1,0,3,1,2,65150,24
1,0,1,2,1,84658,37
0,1,3,2,1,223876,58
1,0,3,2,2,178858,48
1,0,3,2,2,177339,48
0,0,2,1,1,99835,32
0,0,2,1,1,100429,32
0,1,2,1,1,117194,35
0,0,3,1,1,95539,31
1,0,1,0,1,95719,26
0,0,2,1,1,103997,32
1,0,3,1,1,77760,27
1,0,2,0,2,70361,25
1,0,1,0,1,134483,47
1,0,3,2,2,163486,45
0,1,3,2,2,233398,60
0,0,2,1,2,108403,33
1,1,1,2,1,94553,39
1,0,2,1,1,92162,30
0,1,1,2,1,66633,33
0,1,1,0,1,139131,36
1,1,0,0,1,143119,49
1,0,3,1,1,88008,29
1,0,3,2,1,179574,48
0,1,1,0,1,115396,31
1,0,2,1,1,92844,30
0,1,3,0,2,211206,55
0,1,3,2,2,248763,63
1,0,3,2,2,182844,49
0,1,1,2,1,63146,32
0,1,1,0,1,129701,34
1,1,1,0,1,128070,46
0,0,3,2,2,188416,50
0,1,3,2,2,237966,61
1,0,1,2,1,96250,39
0,1,1,0,0,121745,32
0,1,3,2,2,232906,60
0,1,1,0,0,164452,41
0,1,2,1,1,110311,34
0,0,1,2,1,76364,35
1,0,2,1,1,75764,26
0,0,3,0,1,201439,53
0,1,1,0,1,122823,32
1,1,0,2,1,84294,37
0,1,1,0,1,157679,40
1,1,1,2,1,97948,40
1,0,1,2,1,86741,37
0,1,1,0,1,114746,30
0,1,3,2,2,285378,71
0,1,1,0,1,145443,37
0,1,1,0,1,121248,32
1,1,0,2,1,112281,43
1,0,2,1,1,93076,30
0,0,2,1,1,99384,31
0,1,2,1,1,119016,36
0,1,1,0,1,113404,30
0,0,2,0,1,102902,32
0,1,3,2,2,217100,56
1,0,2,1,1,72520,26
1,0,3,0,2,197206,52
1,0,3,1,1,80745,28
0,1,1,0,1,142863,36
1,0,3,2,2,198558,53
0,0,3,2,1,185858,50
0,0,3,2,2,193038,51
1,0,2,1,1,87473,29
1,0,3,1,1,88451,29
0,1,1,0,1,140500,36
1,0,1,2,1,104220,41
0,1,1,0,0,119337,31
0,1,1,0,1,121229,32
1,0,3,1,1,88030,29
1,0,2,1,1,65725,24
0,0,3,1,1,105086,33
1,0,0,2,1,121496,45
0,1,1,0,0,148413,38
0,1,1,0,1,146773,37
1,0,3,2,2,178436,48
0,1,1,0,0,137307,35
0,0,3,2,2,192108,51
0,0,3,2,2,198686,53
0,0,3,1,2,98630,31
1,0,3,2,2,191766,51
1,0,0,0,1,125656,46
0,1,2,1,1,124753,37
1,0,3,1,2,85125,28
0,1,3,2,2,251737,64
0,1,3,2,2,239308,61
0,1,3,2,2,238832,61
0,1,3,2,2,215675,56
0,1,1,0,1,164875,41
1,0,3,2,2,153403,43
1,0,1,2,1,116156,44
0,0,2,1,1,100129,32
1,0,2,1,1,69540,25
1,1,3,2,2,214259,56
1,0,1,0,0,106572,29
0,1,1,0,1,144737,37
0,1,3,2,2,259515,65
1,1,1,2,1,101129,40
0,1,1,0,1,144955,37
1,1,1,2,1,124071,45
0,1,1,0,1,119505,32
1,0,1,0,0,102877,28
1,1,0,2,1,94634,39
0,1,1,0,1,150292,38
0,1,1,0,1,135648,35
0,1,1,0,1,116404,31
0,1,1,0,1,113466,30
0,1,1,0,1,120847,32
0,0,3,2,2,196685,52
0,1,3,1,1,114372,35
1,0,3,2,2,176082,48
1,0,3,1,1,53756,22
0,1,1,0,0,144781,37
0,1,3,2,2,259923,66
0,1,1,0,1,162176,41
0,1,1,0,0,166750,42
0,1,1,0,1,125905,33
0,1,3,2,2,208368,55
0,1,1,0,1,117455,31
0,0,3,2,2,188065,50
1,0,3,1,1,86742,29
0,1,3,2,2,213980,56
1,0,3,1,1,89536,29
0,0,3,2,2,206398,54
0,1,2,1,1,112991,34
0,1,1,0,1,147084,37
0,0,3,2,2,198986,53
0,1,3,2,2,227311,59
0,1,3,2,2,255716,65
1,0,3,0,2,179566,48
0,1,3,1,1,125780,37
1,0,1,0,1,141088,49
0,1,3,2,2,214597,56
0,0,3,2,2,187708,50
1,1,1,2,1,121588,45
0,1,1,0,0,139405,36
0,1,1,0,1,139734,36
0,1,1,2,1,60463,32
1,0,3,0,2,163693,45
0,0,3,2,2,207289,54
0,1,1,0,1,148181,38
0,1,2,1,1,109972,34
1,0,0,2,1,125514,45
1,1,0,2,1,112461,43
0,1,1,0,1,156143,39
0,1,3,2,2,215180,56
1,0,0,2,1,87820,38
1,0,2,1,1,74930,26
0,1,1,0,0,171031,42
0,0,2,1,1,100991,32
1,0,3,2,2,183020,49
0,1,1,0,0,170411,42
1,1,0,0,1,155421,52
0,0,3,2,2,199251,53
1,1,0,2,1,80060,36
0,1,1,0,1,116941,31
0,1,1,0,1,136502,35
1,0,2,1,1,88737,29
0,0,3,2,2,201107,53
1,0,3,2,2,182837,49
1,0,3,2,2,152434,43
1,0,3,0,2,171590,47
1,0,0,2,1,100703,40
1,0,2,1,1,77854,27
1,0,1,0,1,132496,47
1,1,1,2,1,110256,42
0,0,2,2,1,99124,31
1,0,2,1,1,65495,24
0,1,3,2,1,237051,61
0,1,1,0,0,139726,36
1,0,2,1,2,88123,29
0,1,1,0,1,137113,35
0,1,3,2,2,235184,60
1,1,1,2,1,95903,39
0,1,2,2,2,112498,34
1,1,1,2,0,113189,43
1,1,1,2,1,121907,45
1,0,1,0,0,108193,29
1,0,2,1,1,75926,27
1,0,1,2,1,91472,38
1,1,1,0,0,133948,47
1,0,2,1,1,92502,30
1,0,2,1,1,57544,23
1,0,1,2,1,98077,40
1,0,3,1,1,87115,29
1,0,1,2,1,98767,40
0,1,3,2,2,233646,60
0,1,1,0,0,149765,38
1,0,1,0,1,167555,54
0,1,1,0,1,136995,35
0,1,3,2,2,215557,56
0,1,3,1,1,115436,35
1,0,2,1,1,79737,27
0,1,1,0,0,138922,36
0,1,3,2,2,219804,57
0,1,1,0,1,161672,40
0,1,2,1,1,112629,34
0,1,1,0,1,140988,36
1,0,2,1,1,89819,29
0,1,1,0,1,110144,30
0,1,3,2,2,293929,73
1,0,3,0,2,206677,54
1,0,2,1,1,66772,25
1,0,2,1,1,88684,29
1,0,2,1,1,68968,25
1,0,1,0,0,95142,26
0,0,3,0,2,188535,50
1,1,1,2,1,104191,41
0,1,0,2,1,69528,34
0,0,2,1,2,99676,32
1,0,3,1,1,68618,25
0,0,3,2,2,192759,51
0,1,2,1,1,112172,34
1,0,0,2,1,86647,37
0,1,3,2,2,232361,60
1,0,2,1,2,70328,25
0,0,3,2,2,194071,52
1,0,0,2,1,78757,36
1,0,3,2,2,182818,49
0,1,1,0,1,152890,39
0,1,3,2,2,232680,60
0,1,1,0,1,174344,43
0,1,1,0,1,114112,30
1,1,0,2,1,89698,38
1,0,1,0,0,99262,27
0,1,3,2,2,217386,56
1,0,3,2,2,173654,47
0,0,3,2,1,188868,50
1,0,1,0,0,107471,29
0,1,1,0,0,166852,42
0,1,3,2,2,221043,57
0,0,3,2,2,188074,50
1,0,0,2,1,119201,44
0,0,3,2,2,187704,50
1,1,1,0,1,143521,49
1,1,0,2,1,82875,36
0,1,1,0,1,170728,42
1,1,1,2,1,120121,44
1,0,1,2,1,103393,41
0,1,3,1,1,111590,34
0,0,3,2,2,200806,53
0,0,3,1,1,108447,33
0,1,1,0,1,179591,44
0,0,3,2,2,201093,53
1,0,1,2,1,89342,38
1,0,0,0,1,137189,48
0,1,1,0,1,155777,39
1,0,2,1,1,75347,26
0,1,2,1,1,109944,34
0,1,1,0,0,151919,38
1,0,1,2,1,99991,40
1,1,1,0,1,137176,48
0,0,3,2,2,195023,52
0,0,3,2,2,195495,52
1,0,1,0,1,133844,47
1,1,1,2,1,106070,41
1,0,3,1,2,71780,26
1,0,2,1,1,73739,26
0,1,3,2,2,210383,55
1,0,1,0,1,92127,26
0,1,1,0,1,134673,35
1,0,3,2,2,161358,45
0,1,1,0,1,174193,43
1,0,1,0,1,107669,29
1,0,1,0,1,97293,27
0,1,1,0,1,159298,40
1,0,1,0,1,106365,29
1,0,2,1,1,84791,28
1,0,3,2,2,196998,52
0,0,2,1,1,99429,31
0,1,1,0,0,162346,41
0,0,2,1,1,102607,32
0,1,1,0,1,156427,39
0,1,0,2,1,72343,34
0,0,3,2,2,194711,52
0,1,1,0,1,113047,30
1,0,3,2,2,180824,49
1,0,1,0,1,105566,29
1,0,1,0,0,101386,28
1,1,1,0,1,156752,52
1,1,1,2,1,92645,39
0,1,1,0,0,125577,33
0,1,3,2,2,236406,61
1,0,3,2,2,184060,49
1,0,3,1,1,93918,30
0,0,3,2,2,192609,51
1,0,0,2,1,101493,40
0,1,1,0,0,153777,39
0,0,3,2,2,194012,52
1,0,3,1,2,88810,29
1,0,3,1,2,82774,28
0,1,3,2,2,234558,60
0,1,1,0,1,129176,34
0,1,3,0,2,235801,60
1,0,2,1,1,73661,26
0,1,3,2,1,228858,59
1,0,1,0,1,134547,47
0,1,1,0,1,131425,34
1,0,3,1,1,70566,25
0,1,1,0,1,129410,34
0,0,3,2,2,188374,50
1,1,0,2,1,115379,43
0,1,1,0,1,148239,38
0,1,3,1,1,113132,34
0,1,1,0,0,127676,33
0,1,3,0,2,217524,57
1,1,1,2,1,82988,36
1,0,2,1,1,59960,23
0,1,1,0,1,159814,40
0,1,3,2,2,263453,66
1,0,3,0,1,215266,56
0,1,1,0,1,122665,32
1,0,2,1,1,72912,26
1,1,1,2,1,91561,38
0,1,1,0,1,115688,31
0,1,1,0,1,140870,36
0,1,1,0,1,117768,31
1,0,2,1,1,82277,28
1,1,3,2,2,226936,59
1,0,3,0,2,178683,48
1,0,3,2,2,175780,48
0,1,2,1,1,129920,38
0,0,3,2,2,200383,53
0,0,3,2,2,205531,54
0,1,1,0,1,128522,33
1,0,0,2,1,111744,43
0,1,3,2,2,235091,60
0,0,3,2,2,204379,54
0,1,3,2,2,212735,56
0,1,1,0,1,174015,43
1,0,2,1,1,71231,26
0,0,2,1,1,99718,32
1,0,3,2,1,161767,45
0,1,3,2,1,110870,34
0,1,1,0,1,137931,35
1,0,0,2,1,103496,41
1,1,1,2,1,104642,41
0,1,1,0,1,130933,34
0,0,2,1,2,98952,31
0,1,1,0,0,116710,31
1,1,1,2,1,107681,42
1,0,1,0,0,96164,27
1,0,0,0,1,128341,46
1,0,2,2,1,82311,28
1,0,2,1,2,78110,27
1,1,1,0,1,142629,49
1,1,1,2,1,116382,44
0,0,3,2,2,201048,53
1,1,0,2,1,109721,42
0,1,1,0,0,124088,32
0,1,1,0,1,162272,41
1,0,2,1,1,92180,30
0,1,1,0,1,120607,32
1,0,1,2,1,119524,44
0,1,1,0,1,118233,31
1,0,1,0,1,128788,46
1,1,1,0,1,137767,48
1,0,3,1,2,87741,29
0,1,1,0,1,125360,33
1,1,1,0,1,137722,48
0,1,1,0,1,158158,40
1,1,1,0,1,130379,47
0,1,3,0,2,255835,65
0,1,3,2,2,237836,61
0,1,1,0,1,132082,34
1,0,1,0,0,106088,29
0,1,1,0,1,139380,36
1,0,3,1,1,74241,26
0,1,1,0,1,166363,41
0,1,1,0,0,151014,38
1,1,1,2,1,105014,41
1,0,1,0,1,108252,29
0,1,3,2,2,263001,66
1,0,2,1,1,83628,28
1,0,2,1,1,78638,27
1,0,1,0,1,94724,26
1,0,3,2,2,184862,50
1,0,1,1,1,87761,29
0,0,3,2,2,198908,53
1,0,0,2,1,82090,36
0,1,3,2,2,218633,57
1,0,3,2,2,175863,48
0,1,2,1,2,125620,37
1,0,2,1,1,79932,27
1,0,3,2,2,182225,49
0,1,3,2,2,223084,58
1,0,0,2,1,82393,36
1,0,1,0,1,109589,29
1,0,0,0,1,131967,47
0,1,2,1,1,117097,35
1,1,0,2,1,102781,41
0,0,3,2,1,193053,51
0,0,3,2,2,204662,54
0,0,2,1,1,101603,32
1,0,2,1,2,76534,27
0,0,3,1,1,98883,31
0,1,3,2,2,244718,62
0,1,1,0,1,129594,34
0,1,3,2,2,223184,58
1,0,3,1,1,65117,24
0,1,1,0,1,157256,40
1,0,0,2,1,125161,45
0,1,3,2,2,214676,56
0,0,3,2,1,191232,51
1,0,3,1,1,70801,25
1,0,2,1,2,52051,21
1,0,3,2,2,153220,43
1,1,0,2,1,95793,39
0,1,3,1,2,124004,37
0,1,3,2,2,248741,63
1,1,1,2,1,118968,44
1,0,1,0,0,106422,29
1,0,0,2,1,116008,43
1,0,0,0,1,154255,52
1,1,1,0,1,148215,50
1,0,3,2,2,179952,49
1,0,3,2,2,183878,49
1,0,3,1,1,75058,26
0,1,1,0,0,134317,35
1,0,3,2,2,154253,43
1,0,1,2,1,91762,38
0,1,3,2,2,213082,56
1,0,3,2,2,168099,46
0,1,3,2,2,228665,59
0,1,1,0,1,139354,36
1,0,1,0,0,93570,26
0,1,3,2,2,220973,57
0,1,3,1,2,109082,34
0,1,1,0,1,144562,37
1,1,1,2,1,96599,39
0,1,1,0,1,141181,36
1,0,3,2,2,170715,47
1,0,1,0,1,128731,46
1,1,1,0,1,139712,49
1,0,3,1,1,75419,26
1,0,2,1,1,88343,29
1,0,2,1,1,54938,22
1,0,1,0,1,93057,26
1,0,1,2,1,109412,42
1,0,1,2,1,82595,36
0,1,1,0,1,134255,35
0,0,3,2,2,203162,53
0,1,3,2,2,219479,57
0,1,1,0,1,127646,33
1,0,3,2,2,179911,49
1,1,0,2,1,100216,40
1,1,3,2,2,222966,58
1,0,3,0,1,210434,55
1,0,1,2,1,98228,40
0,1,1,0,1,154745,39
1,1,3,0,1,215966,56
0,1,3,2,2,216722,56
0,1,1,0,1,154370,39
1,0,1,0,1,101130,28
1,0,0,2,1,108960,42
0,1,2,1,2,111235,34
1,0,1,0,1,109373,29
0,1,1,0,1,117904,31
0,0,3,1,1,96958,31
1,0,0,0,1,139912,49
0,1,1,0,1,115027,31
1,0,1,0,0,103874,28
0,1,1,0,1,118757,31
0,0,3,2,2,206979,54
1,0,2,1,1,81278,28
1,0,3,1,1,89339,29
1,1,0,2,1,97580,40
0,1,1,0,1,146741,37
0,0,3,2,2,201809,53
1,0,3,1,2,87602,29
1,1,0,2,1,100339,40
0,1,1,0,1,153092,39
0,1,1,0,1,157620,40
1,0,1,2,1,104761,41
1,0,2,1,1,69600,25
0,0,2,1,1,96157,31
1,0,3,2,2,158237,44
0,0,2,1,1,101103,32
1,0,2,1,1,86853,29
1,0,0,2,1,110153,42
0,0,3,0,2,190674,51
1,1,0,2,1,120843,45
1,0,1,0,1,101168,28
0,1,1,0,1,153142,39
1,0,0,2,1,106615,41
1,0,3,2,2,183219,49
0,0,3,2,2,196436,52
1,0,2,1,1,94157,30
1,0,0,0,1,127405,46
0,1,1,0,1,122800,32
0,1,3,2,2,226410,58
1,0,3,1,1,61762,23
1,0,1,2,1,118361,44
0,1,1,0,1,150523,38
0,1,1,0,0,156395,39
0,1,1,0,1,128786,33
0,1,3,1,1,124670,37
1,0,1,2,1,94149,39
0,1,3,2,2,281401,70
1,1,1,2,1,89531,38
1,1,1,2,1,119464,44
0,1,1,0,1,155380,39
1,0,2,1,1,89407,29
0,1,1,0,1,127726,33
1,0,3,2,2,192724,51
0,1,1,0,1,133238,34
1,0,2,1,1,70133,25
0,1,1,0,1,158084,40
0,0,3,2,2,187071,50
0,1,1,0,1,140396,36
1,0,3,2,2,177800,48
1,1,3,2,2,226570,58
1,0,1,2,1,95683,39
0,0,3,2,2,202499,53
1,0,3,1,2,82357,28
0,1,1,0,1,167359,42
0,1,1,0,1,164842,41
1,0,1,2,1,107899,42
0,0,2,1,1,105357,33
1,0,3,2,2,163813,45
0,1,1,0,1,129580,34
0,1,1,0,1,155243,39
0,1,1,0,1,127241,33
0,1,1,0,1,146916,37
0,0,2,1,1,104466,33
1,1,1,0,1,132299,47
0,1,1,0,1,135632,35
1,1,1,2,1,91958,38
0,0,2,1,1,107264,33
0,1,1,0,1,134714,35
0,0,3,2,2,204333,54
0,0,2,1,1,105408,33
1,1,1,2,1,92056,38
0,0,2,1,1,97610,31
1,0,2,1,1,84544,28
1,0,1,2,1,105674,41
1,0,1,0,1,127059,46
0,1,3,1,1,111915,34
1,1,0,0,1,147110,50
0,0,2,1,1,94907,31
0,0,3,2,2,194281,52
0,0,2,1,1,104899,33
1,0,2,1,1,67410,25
1,0,2,1,1,77846,27
1,1,1,2,1,104289,41
0,1,1,0,1,115176,31
0,1,3,1,1,114033,35
0,1,1,0,1,137840,35
0,1,3,2,2,242888,62
0,1,1,0,1,132928,34
1,0,2,1,1,89513,29
1,0,3,1,1,80424,27
0,1,3,2,2,226327,58
0,0,3,2,1,199502,53
1,0,3,1,2,94521,30
1,0,0,2,1,98264,40
0,0,2,1,1,98405,31
1,0,3,2,1,195745,52
1,0,1,0,1,142465,49
0,0,3,1,2,99494,31
0,1,1,0,1,131512,34
0,1,1,0,1,120639,32
1,0,3,1,1,77113,27
0,1,1,0,1,111239,30
0,0,3,2,1,207111,54
1,0,2,1,2,76716,27
1,1,0,2,1,123845,45
0,1,1,0,0,122182,32
0,1,1,0,1,135279,35
0,1,1,0,1,129327,34
0,1,1,0,1,136355,35
0,0,3,1,2,98946,31
0,1,1,0,1,116809,31
1,0,1,2,1,86581,37
0,1,3,2,2,223679,58
1,1,0,2,1,111046,42
1,0,2,1,1,76410,27
1,0,2,1,1,79075,27
0,1,3,2,1,219576,57
1,1,1,0,1,133210,47
1,0,3,2,2,176006,48
0,0,3,2,2,190561,51
0,1,1,0,1,128897,33
0,1,1,0,1,155088,39
1,0,2,1,1,67752,25
0,0,1,2,1,71934,34
1,1,0,2,1,78776,36
0,1,1,0,1,114591,30
1,0,3,1,1,60792,23
0,1,3,2,2,213089,56
0,0,3,2,2,205270,54
0,1,1,0,1,142454,36
1,0,2,1,1,91923,30
1,0,2,1,1,69482,25
0,0,2,1,1,102262,32
1,0,1,2,1,104238,41
1,1,0,2,1,104364,41
1,0,3,2,2,166987,46
0,1,1,0,1,154990,39
0,1,1,0,1,135333,35
0,1,1,0,1,115774,31
0,1,3,0,2,213354,56
0,0,3,2,2,201171,53
1,0,2,1,2,74857,26
0,1,3,2,2,309364,76
1,1,0,2,1,87173,37
1,0,0,0,1,128247,46
0,1,0,2,1,78056,35
1,0,1,2,1,107963,42
0,1,1,0,1,122512,32
1,0,3,2,2,183886,49
0,1,3,2,2,222364,58
1,1,1,0,1,139745,49
0,1,1,0,1,132012,34
1,0,3,1,2,66074,24
1,1,1,2,1,115860,43
0,1,3,2,2,217807,57
0,0,3,2,2,194189,52
0,1,1,0,1,148998,38
0,1,1,0,1,130794,34
1,0,2,1,1,77457,27
0,0,2,2,1,103602,32
0,0,3,2,2,204439,54
1,1,0,0,1,146094,50
0,0,2,1,2,100433,32
0,1,2,1,2,111189,34
0,1,3,2,2,213072,56
0,1,3,2,2,270527,68
1,0,3,2,2,168144,46
0,1,1,0,1,138967,36
1,0,0,0,1,127049,46
0,1,3,0,1,230074,59
1,1,1,2,1,89625,38
1,1,1,2,1,99928,40
1,0,0,0,1,141651,49
0,0,2,1,1,103982,32
0,1,1,0,1,133012,34
1,0,2,1,1,72644,26
1,1,0,2,1,102588,41
1,0,2,1,1,82560,28
1,0,2,1,1,80197,27
0,0,3,2,1,191735,51
0,1,1,0,0,146158,37
1,0,2,1,1,73889,26
0,1,1,0,1,147901,38
1,1,0,2,1,117584,44
1,0,3,1,1,52405,22
0,1,3,2,2,210360,55
1,0,1,2,1,117470,44
0,1,1,0,1,118550,31
1,1,0,2,1,101547,40
1,0,2,1,1,66832,25
0,1,3,2,2,218481,57
0,0,3,1,1,98265,31
1,0,0,2,1,90632,38
0,1,1,0,1,128975,34
1,0,3,1,1,85231,28
1,0,1,2,1,91753,38
1,1,1,2,1,114208,43
1,0,3,1,1,87575,29
0,1,1,0,1,118269,31
0,1,1,0,0,135600,35
0,1,1,0,1,153697,39
1,1,1,2,1,88796,38
0,1,1,0,1,124611,33
1,0,1,0,1,127615,46
0,1,1,0,1,147778,37
1,0,3,2,2,184127,49
0,1,1,0,0,144868,37
0,1,3,2,2,211298,55
0,1,1,0,1,170539,42
0,1,1,0,1,120752,32
0,0,3,1,1,96380,31
0,0,2,1,1,108007,33
1,0,3,2,2,167440,46
1,1,1,2,1,93694,39
1,0,2,1,1,86389,29
1,1,1,2,1,90259,38
1,0,3,1,1,84239,28
0,1,1,0,1,132423,34
0,1,1,0,1,147933,38
1,1,0,2,1,125386,45
0,1,1,0,1,122579,32
1,0,1,0,1,108402,29
1,0,1,0,1,142218,49
0,1,1,0,1,148497,38
0,0,3,2,2,193178,51
0,0,3,2,1,185985,50
1,1,1,0,1,129831,46
1,0,1,2,1,78502,36
1,1,3,2,2,231470,59
1,0,0,2,1,105568,41
1,0,0,0,1,167437,54
0,1,3,2,2,218963,57
1,0,0,0,1,148748,50
0,0,2,1,1,102068,32
1,0,2,1,1,75300,26
0,1,1,0,0,138272,35
0,1,1,0,1,122474,32
0,1,1,2,1,93609,39
0,0,2,1,1,103768,32
1,0,2,1,1,87209,29
0,1,1,0,0,149246,38
1,1,0,2,1,87581,37
1,0,2,1,1,67962,25
1,0,3,2,2,169249,46
0,0,3,2,2,202616,53
1,0,1,0,1,109187,29
1,0,3,1,1,81963,28
1,1,1,2,1,103643,41
1,0,1,2,1,103868,41
1,0,3,0,2,167896,46
0,1,1,0,1,158800,40
1,0,1,0,0,97289,27
0,1,1,0,1,142712,36
0,1,2,1,1,111333,34
1,0,2,1,1,80050,27
1,0,2,1,1,82095,28
0,1,3,2,2,237709,61
1,1,1,2,1,93719,39
1,0,1,2,1,97670,40
0,1,1,2,1,60432,32
0,1,1,0,1,118313,31
0,1,1,0,0,132741,34
0,1,1,0,1,151414,38
1,0,1,0,1,131342,47
1,0,3,1,1,73817,26
0,1,3,2,2,232662,60
0,1,1,0,1,121568,32
1,0,3,2,2,164859,45
1,0,1,2,1,119819,44
1,0,3,2,1,168043,46
1,0,2,1,1,89204,29
0,0,3,1,1,95915,31
0,1,2,1,1,121439,36
1,0,2,1,2,84674,28
1,0,1,2,1,109657,42
0,1,1,0,1,140300,36
0,0,3,2,2,190132,51
0,1,3,2,2,218816,57
0,1,1,0,1,118930,31
0,1,1,0,1,150724,38
0,1,1,0,1,141251,36
1,0,3,1,1,84080,28
